{
  "animations": [
    {
      "id": "front",
      "position": "fromEntityBottomLeft",
      "requiredLoops": 2
    },
    {
      "id": "idle",
      "position": "fromEntityBottomLeft"
    },
    {
      "id": "eat",
      "position": "fromEntityBottomLeft",
      "requiredLoops": 4
    },
    {
      "id": "selfie",
      "position": "fromEntityBottomLeft",
      "requiredLoops": 2
    },
    {
      "id": "texting",
      "position": "fromEntityBottomLeft",
      "requiredLoops": 2
    },
    {
      "id": "roar",
      "position": "fromEntityBottomLeft",
      "requiredLoops": 3
    },
    {
      "id": "guitar",
      "position": "fromEntityBottomLeft",
      "requiredLoops": 3
    },
    {
      "id": "fireball",
      "position": "fromEntityBottomLeft",
      "requiredLoops": 2
    }
  ],
  "capabilities": [
    "AnimatedSprite",
    "AnimationsProvider",
    "AutoRespawn",
    "BounceOnLateralCollisions",
    "Draggable",
    "FlipHorizontallyWhenGoingLeft",
    "Gravity",
    "LinearMovement",
    "PetsSpritesProvider",
    "AnimationsScheduler",
    "Rotating",
    "ShowsMenuOnRightClick"
  ],
  "dragPath": "drag",
  "fps": 10,
  "zIndex": 0,
  "tags": ["dinos"],
  "id": "trex_blue",
  "movementPath": "walk",
  "speed": 1
}
