{
  "images" : [
    {
      "filename" : "Icon-App-20x20@2x.png",
      "idiom" : "universal",
      "platform" : "ios",
      "scale" : "2x",
      "size" : "20x20"
    },
    {
      "filename" : "Icon-App-20x20@3x.png",
      "idiom" : "universal",
      "platform" : "ios",
      "scale" : "3x",
      "size" : "20x20"
    },
    {
      "filename" : "Icon-App-29x29@2x.png",
      "idiom" : "universal",
      "platform" : "ios",
      "scale" : "2x",
      "size" : "29x29"
    },
    {
      "filename" : "Icon-App-29x29@3x.png",
      "idiom" : "universal",
      "platform" : "ios",
      "scale" : "3x",
      "size" : "29x29"
    },
    {
      "filename" : "Icon-App-76x76@1x.png",
      "idiom" : "universal",
      "platform" : "ios",
      "scale" : "2x",
      "size" : "38x38"
    },
    {
      "filename" : "114.png",
      "idiom" : "universal",
      "platform" : "ios",
      "scale" : "3x",
      "size" : "38x38"
    },
    {
      "filename" : "Icon-App-40x40@2x.png",
      "idiom" : "universal",
      "platform" : "ios",
      "scale" : "2x",
      "size" : "40x40"
    },
    {
      "filename" : "Icon-App-40x40@3x.png",
      "idiom" : "universal",
      "platform" : "ios",
      "scale" : "3x",
      "size" : "40x40"
    },
    {
      "filename" : "Icon-App-60x60@2x.png",
      "idiom" : "universal",
      "platform" : "ios",
      "scale" : "2x",
      "size" : "60x60"
    },
    {
      "filename" : "Icon-App-60x60@3x.png",
      "idiom" : "universal",
      "platform" : "ios",
      "scale" : "3x",
      "size" : "60x60"
    },
    {
      "filename" : "128 1.png",
      "idiom" : "universal",
      "platform" : "ios",
      "scale" : "2x",
      "size" : "64x64"
    },
    {
      "filename" : "192.png",
      "idiom" : "universal",
      "platform" : "ios",
      "scale" : "3x",
      "size" : "64x64"
    },
    {
      "filename" : "136.png",
      "idiom" : "universal",
      "platform" : "ios",
      "scale" : "2x",
      "size" : "68x68"
    },
    {
      "filename" : "Icon-App-76x76@2x.png",
      "idiom" : "universal",
      "platform" : "ios",
      "scale" : "2x",
      "size" : "76x76"
    },
    {
      "filename" : "Icon-App-83.5x83.5@2x.png",
      "idiom" : "universal",
      "platform" : "ios",
      "scale" : "2x",
      "size" : "83.5x83.5"
    },
    {
      "filename" : "ItunesArtwork@2x.png",
      "idiom" : "universal",
      "platform" : "ios",
      "size" : "1024x1024"
    },
    {
      "filename" : "16.png",
      "idiom" : "mac",
      "scale" : "1x",
      "size" : "16x16"
    },
    {
      "filename" : "32.png",
      "idiom" : "mac",
      "scale" : "2x",
      "size" : "16x16"
    },
    {
      "filename" : "32.png",
      "idiom" : "mac",
      "scale" : "1x",
      "size" : "32x32"
    },
    {
      "filename" : "64.png",
      "idiom" : "mac",
      "scale" : "2x",
      "size" : "32x32"
    },
    {
      "filename" : "128.png",
      "idiom" : "mac",
      "scale" : "1x",
      "size" : "128x128"
    },
    {
      "filename" : "256.png",
      "idiom" : "mac",
      "scale" : "2x",
      "size" : "128x128"
    },
    {
      "filename" : "256.png",
      "idiom" : "mac",
      "scale" : "1x",
      "size" : "256x256"
    },
    {
      "filename" : "512.png",
      "idiom" : "mac",
      "scale" : "2x",
      "size" : "256x256"
    },
    {
      "filename" : "512.png",
      "idiom" : "mac",
      "scale" : "1x",
      "size" : "512x512"
    },
    {
      "filename" : "1024.png",
      "idiom" : "mac",
      "scale" : "2x",
      "size" : "512x512"
    }
  ],
  "info" : {
    "author" : "xcode",
    "version" : 1
  }
}
